,0,1,accuracy,macro avg,weighted avg
precision,0.8888888888888888,0.7272727272727273,0.8275862068965517,0.8080808080808081,0.8331591779867642
recall,0.8421052631578947,0.8,0.8275862068965517,0.8210526315789474,0.8275862068965517
f1-score,0.8648648648648649,0.7619047619047619,0.8275862068965517,0.8133848133848134,0.8293613810855192
support,38.0,20.0,0.8275862068965517,58.0,58.0
