,0,1,accuracy,macro avg,weighted avg
precision,0.6428571428571429,0.7209302325581395,0.672566371681416,0.6818936877076411,0.6815482315585217
recall,0.7894736842105263,0.5535714285714286,0.672566371681416,0.6715225563909775,0.672566371681416
f1-score,0.7086614173228346,0.6262626262626263,0.672566371681416,0.6674620217927305,0.6678266182133509
support,57.0,56.0,0.672566371681416,113.0,113.0
