learning_rate,epochs,batch_size,accuracy
3e-05,3,16,0.8435754189944135
3e-05,3,32,0.8212290502793296
3e-05,4,16,0.7988826815642458
3e-05,4,32,0.7877094972067039
5e-05,3,16,0.7430167597765364
5e-05,3,32,0.7821229050279329
5e-05,4,16,0.7988826815642458
5e-05,4,32,0.8044692737430168
